"文件名","外链地址"
"project-p/pictures/0_0.png","https://qn.sukoshi.xyz/project-p/pictures/0_0.png"
"project-p/pictures/0_01.jpeg","https://qn.sukoshi.xyz/project-p/pictures/0_01.jpeg"
"project-p/pictures/0_01.png","https://qn.sukoshi.xyz/project-p/pictures/0_01.png"
"project-p/pictures/0_012.jpeg","https://qn.sukoshi.xyz/project-p/pictures/0_012.jpeg"
"project-p/pictures/0_03.jpeg","https://qn.sukoshi.xyz/project-p/pictures/0_03.jpeg"
"project-p/pictures/0_05.png","https://qn.sukoshi.xyz/project-p/pictures/0_05.png"
"project-p/pictures/0_07.png","https://qn.sukoshi.xyz/project-p/pictures/0_07.png"
"project-p/pictures/0_09.jpeg","https://qn.sukoshi.xyz/project-p/pictures/0_09.jpeg"
"project-p/pictures/0_09.png","https://qn.sukoshi.xyz/project-p/pictures/0_09.png"
"project-p/pictures/0_1.jpeg","https://qn.sukoshi.xyz/project-p/pictures/0_1.jpeg"
"project-p/pictures/0_19.jpeg","https://qn.sukoshi.xyz/project-p/pictures/0_19.jpeg"
"project-p/pictures/0_25.jpeg","https://qn.sukoshi.xyz/project-p/pictures/0_25.jpeg"
"project-p/pictures/0_31.png","https://qn.sukoshi.xyz/project-p/pictures/0_31.png"
"project-p/pictures/0_331.jpeg","https://qn.sukoshi.xyz/project-p/pictures/0_331.jpeg"
"project-p/pictures/0_34.jpeg","https://qn.sukoshi.xyz/project-p/pictures/0_34.jpeg"
"project-p/pictures/anastasia-zanko-ytRfVDfARt0-unsplash.jpg","https://qn.sukoshi.xyz/project-p/pictures/anastasia-zanko-ytRfVDfARt0-unsplash.jpg"
"project-p/pictures/mak-wp5av0oiqx4-unsplash.jpg","https://qn.sukoshi.xyz/project-p/pictures/mak-wp5av0oiqx4-unsplash.jpg"
"project-p/pictures/photo-1741091742846-99cca6f6437b.jpeg","https://qn.sukoshi.xyz/project-p/pictures/photo-1741091742846-99cca6f6437b.jpeg"